date,branch,region,category,sales,profit,quantity,orders
2024-11-23,A,West,Furniture,554.23,121.78,3,1
2024-05-05,B,East,Electronics,295.85,38.82,3,1
2024-12-12,E,West,Grocery,90.75,26.68,10,10
2024-01-17,A,West,Clothing,213.2,30.37,4,2
2024-04-29,E,West,Clothing,149.49,30.64,4,2
2024-11-28,E,South,Clothing,122.28,19.35,4,4
2024-08-17,E,Central,Electronics,243.33,42.16,4,2
2024-03-22,D,Central,Furniture,274.36,70.52,2,1
2024-03-20,B,Central,Electronics,286.92,31.36,4,4
2024-02-17,D,West,Furniture,264.12,35.42,3,3
2024-06-25,E,Central,Electronics,229.04,43.07,4,2
2024-08-23,E,West,Grocery,50.73,10.1,11,5
2024-02-10,E,Central,Furniture,390.69,79.71,2,1
2024-10-22,B,West,Electronics,289.71,39.68,2,1
2024-12-04,B,Central,Electronics,459.07,63.9,4,2
2024-04-29,A,South,Furniture,439.4,72.53,1,1
2024-08-20,C,East,Furniture,391.99,67.17,1,1
2024-06-30,B,Central,Electronics,238.04,49.64,4,2
2024-11-07,B,East,Clothing,154.86,46.05,1,1
2024-08-24,D,Central,Clothing,95.91,13.4,4,4
2024-12-16,C,West,Clothing,313.97,36.05,1,1
2024-01-17,C,South,Furniture,452.55,55.74,3,1
2024-02-03,B,Central,Clothing,147.22,16.59,2,2
2024-12-01,D,South,Grocery,51.86,8.56,11,5
2024-03-14,C,East,Clothing,186.52,36.27,3,3
2024-10-14,E,Central,Grocery,51.25,12.43,9,9
2024-10-25,D,Central,Clothing,103.35,20.54,3,1
2024-03-11,E,South,Electronics,295.95,54.9,1,1
2024-01-25,A,East,Clothing,181.57,36.62,4,4
2024-12-14,D,West,Grocery,56.02,8.4,18,18
2024-07-14,E,South,Furniture,353.29,40.77,4,4
2024-10-10,A,West,Furniture,500.64,66.21,3,3
2024-11-24,C,West,Furniture,552.32,75.84,4,2
2024-08-10,B,South,Electronics,278.88,57.97,2,1
2024-05-14,E,East,Electronics,264.99,49.14,1,1
2024-11-16,C,East,Clothing,166.85,45.41,4,4
2024-07-10,B,West,Furniture,396.2,57.22,1,1
2024-09-07,A,West,Furniture,515.61,86.38,3,1
2024-06-06,B,West,Clothing,146.1,35.15,4,2
2024-10-17,A,West,Grocery,68.67,20.21,5,2
2024-02-05,E,East,Clothing,115.16,12.37,1,1
2024-12-03,D,East,Furniture,418.89,84.0,1,1
2024-09-27,E,South,Clothing,125.78,24.89,2,2
2024-10-03,B,Central,Grocery,48.93,10.69,10,5
2024-12-09,C,South,Grocery,75.96,19.8,5,5
2024-03-02,B,East,Electronics,279.32,82.87,1,1
2024-06-22,A,East,Clothing,181.73,23.65,4,4
2024-01-04,A,West,Clothing,190.29,45.51,3,1
2024-02-04,A,Central,Electronics,327.76,79.39,4,4
2024-09-20,B,Central,Grocery,51.57,8.75,19,19
2024-04-19,E,East,Grocery,49.53,11.65,12,12
2024-05-04,D,South,Clothing,71.16,10.09,1,1
2024-02-18,A,South,Furniture,512.88,69.23,3,1
2024-08-04,D,South,Electronics,196.49,39.95,4,4
2024-12-10,A,West,Grocery,99.62,16.72,15,15
2024-06-22,A,East,Clothing,170.13,41.71,3,3
2024-04-07,E,South,Clothing,136.17,18.02,3,3
2024-08-04,B,Central,Grocery,53.28,11.79,10,5
2024-05-07,A,South,Electronics,329.66,75.95,2,2
2024-01-26,E,West,Electronics,275.35,66.76,1,1
2024-05-01,B,South,Grocery,41.62,9.57,8,4
2024-09-03,B,South,Electronics,239.48,55.44,3,3
2024-03-25,D,West,Grocery,35.16,5.38,7,3
2024-05-15,D,Central,Grocery,33.73,9.94,18,9
2024-12-22,E,South,Clothing,209.28,54.2,3,3
2024-04-07,C,East,Electronics,336.73,72.53,2,2
2024-10-23,E,West,Furniture,359.21,56.09,1,1
2024-01-30,A,South,Clothing,161.44,36.99,3,1
2024-01-30,E,West,Clothing,154.8,45.31,1,1
2024-02-05,E,West,Clothing,168.35,26.75,1,1
2024-07-25,A,East,Electronics,357.88,47.92,4,4
2024-11-13,A,South,Furniture,417.22,119.84,1,1
2024-05-13,B,Central,Clothing,151.48,33.78,4,2
2024-05-15,D,East,Furniture,329.36,42.16,2,2
2024-08-22,C,West,Electronics,419.63,100.46,1,1
2024-08-22,E,West,Electronics,315.11,54.17,3,1
2024-10-02,B,Central,Clothing,155.4,42.49,3,1
2024-06-27,A,East,Furniture,405.91,82.1,1,1
2024-05-25,B,South,Furniture,411.74,98.98,1,1
2024-11-09,E,West,Furniture,418.31,116.29,4,2
2024-12-05,A,East,Furniture,637.02,137.38,2,1
2024-02-29,A,East,Furniture,407.96,78.79,2,2
2024-05-24,E,East,Furniture,312.04,33.11,2,1
2024-04-14,C,South,Furniture,428.79,113.42,4,2
2024-01-27,A,South,Furniture,393.42,99.93,1,1
2024-01-23,A,Central,Clothing,165.27,37.12,4,2
2024-11-22,C,East,Grocery,71.24,17.47,11,5
2024-10-09,D,West,Electronics,273.58,55.61,1,1
2024-02-08,B,West,Furniture,486.11,91.29,3,3
2024-10-25,E,East,Grocery,44.51,4.68,11,5
2024-03-06,A,Central,Furniture,420.81,55.25,2,1
2024-01-21,C,East,Clothing,201.16,42.21,2,1
2024-12-07,A,Central,Grocery,93.58,27.23,9,9
2024-11-13,B,East,Clothing,169.0,35.64,3,1
2024-03-31,D,West,Clothing,100.18,17.15,4,2
2024-06-19,D,East,Furniture,298.46,30.71,1,1
2024-03-22,A,South,Electronics,316.31,62.73,2,1
2024-08-28,B,East,Grocery,59.36,7.99,11,5
2024-06-28,C,East,Clothing,124.28,28.21,2,1
2024-01-13,B,South,Furniture,313.19,54.78,2,1
2024-05-22,A,Central,Furniture,458.67,106.29,1,1
2024-11-24,E,South,Furniture,422.3,48.19,4,2
2024-01-15,A,Central,Clothing,167.54,48.26,4,2
2024-10-24,C,West,Electronics,381.81,67.82,4,2
2024-11-01,D,Central,Furniture,249.64,71.97,3,3
2024-08-11,E,West,Grocery,63.28,18.49,7,7
2024-10-22,B,Central,Electronics,271.14,72.93,4,4
2024-12-28,D,West,Clothing,176.85,46.49,2,1
2024-07-05,D,West,Furniture,259.95,58.69,1,1
2024-11-15,C,West,Furniture,488.01,120.55,1,1
2024-09-16,C,South,Furniture,387.93,97.03,2,2
2024-07-25,C,East,Clothing,168.86,50.34,4,4
2024-08-03,D,East,Furniture,229.95,38.67,3,1
2024-07-26,E,West,Furniture,330.28,89.73,2,1
2024-05-26,B,South,Furniture,415.9,50.17,1,1
2024-08-26,D,South,Clothing,90.35,18.16,1,1
2024-09-18,D,East,Electronics,59.7,10.62,3,3
2024-05-25,E,Central,Electronics,296.45,83.32,4,4
2024-04-30,C,East,Clothing,167.82,48.69,2,2
2024-03-16,A,West,Clothing,185.86,42.07,3,1
2024-08-31,E,West,Grocery,42.89,10.06,13,6
2024-07-31,E,East,Grocery,40.84,10.55,8,8
2024-09-10,D,East,Clothing,29.3,5.52,3,1
2024-12-01,A,West,Grocery,98.91,16.83,11,11
2024-04-22,B,South,Electronics,286.57,33.48,1,1
2024-10-12,B,West,Grocery,62.47,7.16,17,8
2024-03-09,D,Central,Grocery,35.11,4.11,9,9
2024-11-09,E,South,Grocery,46.48,8.13,7,3
2024-03-22,D,South,Furniture,281.09,83.54,3,3
2024-05-06,C,South,Clothing,147.84,25.91,4,2
2024-05-20,D,West,Furniture,245.26,29.98,2,2
2024-04-30,C,Central,Furniture,505.61,51.71,3,3
2024-10-03,A,East,Clothing,167.72,20.71,4,2
2024-04-28,D,East,Clothing,104.49,26.04,1,1
2024-02-02,D,South,Furniture,264.42,41.55,3,1
2024-10-04,D,South,Electronics,190.68,27.6,4,4
2024-04-15,D,South,Electronics,190.32,21.84,3,1
2024-10-21,D,South,Electronics,207.59,61.0,3,3
2024-06-29,C,South,Grocery,57.17,10.92,18,18
2024-10-02,E,East,Grocery,49.43,10.72,9,4
2024-04-22,C,South,Grocery,51.18,7.96,16,16
2024-01-15,D,Central,Grocery,36.5,7.03,16,8
2024-03-25,D,East,Electronics,231.68,68.32,4,4
2024-07-20,E,West,Electronics,231.08,55.37,4,4
2024-11-25,D,East,Grocery,28.31,6.71,8,8
2024-04-03,A,Central,Grocery,59.07,16.67,17,17
2024-06-16,B,South,Furniture,348.04,99.73,2,1
2024-06-21,D,Central,Grocery,34.34,3.74,6,6
2024-05-09,A,South,Electronics,321.61,95.67,1,1
2024-10-03,A,Central,Clothing,166.17,36.36,1,1
2024-11-28,A,West,Electronics,409.5,109.61,3,3
2024-05-06,B,West,Clothing,163.57,29.93,2,2
2024-05-02,B,South,Electronics,267.07,70.13,2,1
2024-10-15,B,South,Furniture,358.0,107.16,3,3
2024-07-07,B,West,Clothing,171.02,46.16,1,1
2024-06-08,A,West,Furniture,490.05,93.16,1,1
2024-10-21,D,South,Clothing,81.57,18.24,1,1
2024-02-08,E,East,Electronics,300.26,36.85,4,4
2024-12-22,C,West,Electronics,583.04,118.96,2,2
2024-06-26,E,South,Furniture,370.82,78.01,4,4
2024-02-05,E,Central,Electronics,298.54,37.86,1,1
2024-08-03,D,West,Grocery,39.14,9.83,19,19
2024-07-04,D,East,Grocery,36.19,4.61,7,7
2024-03-31,E,Central,Grocery,49.09,8.35,16,8
2024-08-26,D,Central,Furniture,219.96,61.77,3,3
2024-05-05,A,Central,Grocery,65.23,13.23,8,8
2024-05-04,D,South,Furniture,239.73,65.32,3,1
2024-01-15,D,Central,Clothing,113.06,14.63,1,1
2024-09-06,B,Central,Furniture,379.44,72.79,4,2
2024-06-23,C,Central,Electronics,318.47,63.22,2,1
2024-09-21,B,West,Clothing,183.52,21.14,4,4
2024-07-27,D,East,Grocery,26.96,3.39,13,13
2024-11-26,D,South,Electronics,168.19,46.98,4,4
2024-02-17,C,East,Grocery,60.3,14.08,7,7
2024-12-20,B,Central,Furniture,544.54,72.85,3,3
2024-08-30,E,Central,Grocery,42.98,5.82,16,8
2024-10-08,C,Central,Grocery,46.79,9.39,6,6
2024-05-18,C,Central,Clothing,160.74,17.34,1,1
2024-03-02,B,Central,Electronics,299.67,82.32,3,1
2024-10-01,B,East,Clothing,168.07,18.86,3,1
2024-09-04,C,Central,Electronics,355.65,48.69,1,1
2024-04-09,C,East,Furniture,431.46,75.12,3,3
2024-04-01,C,West,Clothing,234.8,45.2,3,1
2024-05-20,A,West,Furniture,511.59,54.91,1,1
2024-12-23,B,South,Electronics,439.48,88.92,3,3
2024-01-07,E,Central,Grocery,40.67,4.94,19,9
2024-09-02,D,Central,Clothing,34.48,5.31,3,1
2024-01-27,C,South,Electronics,234.22,24.36,1,1
2024-02-03,D,South,Electronics,168.94,20.94,2,1
2024-10-22,A,East,Clothing,168.22,36.79,1,1
2024-10-15,C,West,Clothing,209.77,24.62,1,1
2024-03-01,E,South,Clothing,136.63,29.7,3,1
2024-09-24,D,South,Grocery,9.03,1.42,7,3
2024-06-01,E,South,Furniture,356.5,81.7,2,1
2024-10-18,E,West,Electronics,253.5,56.06,1,1
2024-04-16,B,Central,Electronics,311.83,37.53,1,1
2024-03-21,B,East,Electronics,286.26,39.31,4,2
2024-03-21,A,South,Grocery,50.62,6.82,18,9
2024-12-18,E,South,Furniture,384.61,47.08,4,2
2024-01-17,B,Central,Furniture,406.02,119.33,2,1
2024-12-25,D,West,Clothing,177.36,23.8,1,1
2024-05-15,E,East,Grocery,48.8,13.95,7,3
2024-02-28,E,East,Clothing,171.62,43.57,3,3
2024-05-16,B,West,Electronics,383.45,63.17,2,1
2024-03-25,C,Central,Grocery,56.15,6.91,5,2
2024-03-04,D,Central,Grocery,24.14,3.81,14,7
2024-05-19,E,South,Grocery,37.88,7.82,8,8
2024-02-11,E,West,Grocery,53.65,8.98,5,2
2024-06-14,E,Central,Electronics,229.01,57.72,1,1
2024-02-16,B,West,Furniture,473.45,92.0,3,3
2024-10-22,A,East,Grocery,49.38,13.14,5,5
2024-09-22,D,Central,Clothing,26.83,3.35,4,2
2024-10-26,D,South,Electronics,192.21,21.78,4,4
2024-08-28,C,South,Furniture,417.7,89.76,4,2
2024-06-13,A,East,Furniture,426.82,59.89,1,1
2024-07-29,D,Central,Grocery,30.27,4.02,18,18
2024-10-08,A,South,Electronics,341.61,58.68,2,1
2024-06-10,C,Central,Electronics,325.5,58.1,1,1
2024-07-25,E,West,Grocery,45.85,8.83,18,9
2024-07-30,A,East,Furniture,488.21,121.82,2,2
2024-11-14,D,South,Electronics,159.13,28.13,1,1
2024-04-14,C,East,Furniture,460.74,129.6,2,2
2024-08-12,D,West,Electronics,210.56,47.49,2,2
2024-11-18,E,East,Clothing,146.59,18.74,4,2
2024-06-08,E,West,Grocery,49.42,13.78,8,4
2024-02-17,B,West,Grocery,61.86,8.06,8,8
2024-03-01,B,South,Furniture,320.71,34.22,3,3
2024-09-17,C,South,Grocery,47.52,12.0,10,5
2024-08-29,B,South,Clothing,130.31,15.91,2,2
2024-07-15,B,East,Electronics,292.39,36.69,4,4
2024-05-21,D,Central,Furniture,300.23,43.79,1,1
2024-01-02,C,Central,Grocery,52.2,12.74,16,16
2024-03-17,D,South,Furniture,286.92,43.14,4,2
2024-06-19,E,South,Grocery,42.36,5.77,9,4
2024-06-13,B,East,Grocery,45.77,8.81,12,12
2024-04-29,D,West,Furniture,333.74,43.61,2,2
2024-08-30,D,South,Clothing,96.21,9.97,1,1
2024-09-10,A,East,Furniture,606.89,173.83,4,4
2024-02-21,D,West,Grocery,45.36,10.95,12,12
2024-01-08,B,South,Clothing,142.97,30.78,2,2
2024-02-08,D,Central,Furniture,230.32,66.07,1,1
2024-11-15,D,West,Furniture,366.11,69.62,2,2
2024-12-11,E,South,Furniture,643.23,71.37,1,1
2024-11-16,D,West,Electronics,243.1,63.35,1,1
2024-04-30,C,East,Electronics,374.4,63.37,3,1
2024-08-10,A,West,Grocery,50.68,12.54,6,6
2024-03-26,C,West,Electronics,322.47,41.33,4,4
2024-06-15,A,Central,Furniture,399.7,79.81,4,4
2024-07-10,D,East,Clothing,102.1,22.07,1,1
2024-09-28,D,East,Clothing,31.0,3.18,2,1
2024-03-30,A,South,Clothing,145.52,18.88,4,4
2024-09-11,E,East,Clothing,149.86,17.54,2,1
2024-08-24,C,South,Furniture,414.03,46.96,1,1
2024-12-07,A,South,Furniture,658.25,93.46,3,3
2024-12-12,E,East,Electronics,422.59,45.35,1,1
2024-08-14,C,Central,Grocery,55.47,11.81,18,9
2024-12-19,C,South,Furniture,707.23,127.41,4,4
2024-04-11,D,South,Electronics,138.74,18.18,2,2
2024-05-01,D,Central,Furniture,273.71,47.81,3,3
2024-12-24,C,West,Grocery,92.46,21.15,14,14
2024-05-20,A,West,Grocery,63.61,15.47,16,8
2024-05-26,B,Central,Clothing,141.51,14.92,1,1
2024-11-21,B,Central,Clothing,132.46,13.77,3,3
2024-11-17,A,West,Furniture,489.54,127.27,2,2
2024-08-13,A,Central,Clothing,179.56,21.53,3,1
2024-02-16,C,Central,Grocery,48.87,10.78,12,6
2024-03-30,B,East,Furniture,332.27,75.31,2,2
2024-09-28,E,Central,Clothing,123.18,33.21,1,1
2024-05-11,D,Central,Furniture,302.37,68.02,1,1
2024-02-28,D,West,Clothing,126.57,33.54,3,1
2024-04-25,D,Central,Electronics,192.93,32.61,4,4
2024-07-21,A,Central,Electronics,304.82,52.6,4,2
2024-08-20,C,Central,Grocery,52.62,13.47,14,7
2024-11-22,C,West,Clothing,198.71,42.36,1,1
2024-08-29,A,Central,Clothing,170.66,33.61,4,4
2024-11-27,A,South,Furniture,446.41,110.86,1,1
2024-11-28,D,West,Clothing,106.33,24.35,1,1
2024-01-24,A,Central,Grocery,66.24,8.38,18,9
2024-02-29,A,East,Clothing,185.35,49.03,1,1
2024-07-17,D,Central,Grocery,31.79,6.84,9,4
2024-10-27,B,South,Electronics,281.02,74.74,1,1
2024-09-07,E,South,Furniture,283.77,29.0,3,3
2024-01-17,C,East,Grocery,58.97,13.74,16,16
2024-08-15,B,Central,Electronics,313.01,88.54,3,1
2024-12-17,C,Central,Electronics,401.12,43.88,2,1
2024-07-22,C,East,Electronics,270.77,67.04,4,2
2024-08-20,A,East,Electronics,366.72,65.23,2,2
2024-01-26,C,East,Clothing,159.47,27.29,4,4
2024-10-16,B,West,Clothing,148.9,29.07,3,1
2024-10-27,B,East,Furniture,442.15,127.06,3,1
2024-03-16,E,West,Furniture,382.12,58.26,4,4
2024-03-15,B,Central,Clothing,152.48,16.82,3,1
2024-02-26,A,East,Electronics,452.16,114.93,2,2
2024-07-02,B,Central,Electronics,254.04,29.22,1,1
2024-03-30,C,West,Clothing,189.09,35.35,3,1
2024-08-03,E,West,Electronics,369.01,97.35,3,3
2024-08-31,D,Central,Electronics,212.12,46.25,2,1
2024-08-19,E,East,Electronics,312.72,37.0,3,3
2024-12-03,E,Central,Grocery,67.18,14.0,19,9
2024-11-25,A,West,Grocery,70.1,17.27,12,12
2024-07-24,D,West,Grocery,36.59,9.87,10,5
2024-12-30,D,West,Electronics,383.95,75.98,1,1
2024-06-13,E,East,Electronics,267.52,57.14,3,1
2024-03-05,C,Central,Grocery,55.76,5.95,14,14
2024-11-01,E,Central,Grocery,40.25,7.42,12,6
2024-09-15,E,South,Electronics,283.51,70.6,1,1
2024-12-25,A,East,Grocery,89.4,20.46,15,7
2024-08-19,B,South,Furniture,336.11,58.13,2,2
2024-08-20,D,South,Electronics,172.83,35.61,3,3
2024-06-09,D,Central,Furniture,305.04,55.18,2,2
2024-07-10,B,South,Electronics,275.41,63.99,4,4
2024-02-16,A,West,Grocery,68.1,13.89,17,8
2024-02-19,C,East,Electronics,379.85,73.08,2,2
2024-10-27,E,Central,Electronics,265.44,26.56,2,1
2024-07-29,C,South,Electronics,267.22,30.46,4,4
2024-05-27,E,Central,Furniture,318.17,35.17,2,1
2024-02-23,E,East,Clothing,179.52,32.25,4,4
2024-12-02,D,East,Electronics,294.51,49.26,2,2
2024-06-28,E,Central,Electronics,286.02,55.33,1,1
2024-05-22,E,East,Grocery,48.3,13.07,12,6
2024-10-14,E,West,Furniture,445.89,125.77,4,4
2024-01-15,B,Central,Furniture,441.33,53.8,3,3
2024-06-22,C,West,Clothing,154.49,40.11,3,1
2024-03-14,E,South,Electronics,249.44,54.31,1,1
2024-03-13,A,West,Clothing,214.46,53.33,2,2
2024-07-11,D,South,Furniture,231.51,41.74,4,4
2024-03-21,C,Central,Furniture,416.18,51.63,3,3
2024-10-17,E,West,Electronics,332.23,58.74,3,1
2024-03-20,B,West,Electronics,345.46,49.49,2,2
2024-05-19,D,South,Grocery,33.1,7.26,13,13
2024-11-06,D,South,Furniture,209.19,41.47,3,1
2024-04-20,E,West,Furniture,425.41,118.9,1,1
2024-08-08,A,Central,Grocery,69.74,7.46,17,17
2024-09-26,C,West,Clothing,177.11,48.18,4,2
2024-07-21,E,West,Electronics,218.79,42.74,3,1
2024-04-14,C,East,Clothing,157.35,42.55,3,3
2024-05-10,C,Central,Electronics,325.49,80.41,1,1
2024-01-04,D,South,Clothing,92.73,13.96,2,1
2024-03-07,D,East,Furniture,281.28,34.29,1,1
2024-02-06,D,West,Grocery,36.07,10.76,16,16
2024-01-10,D,West,Furniture,335.95,78.08,3,1
2024-10-21,D,South,Grocery,31.61,8.63,12,12
2024-05-28,A,South,Electronics,329.1,49.05,4,2
2024-06-15,B,South,Furniture,380.09,50.2,3,3
2024-02-15,D,West,Clothing,102.0,12.36,1,1
2024-08-11,E,South,Electronics,237.45,32.73,3,1
2024-07-21,C,Central,Clothing,162.83,42.99,2,1
2024-06-19,B,West,Electronics,294.19,82.88,1,1
2024-09-28,E,East,Furniture,349.19,40.79,2,1
2024-06-28,B,East,Electronics,293.28,62.17,3,3
2024-03-15,C,East,Clothing,167.62,44.21,4,2
2024-11-04,B,West,Clothing,150.45,23.57,4,2
2024-11-17,D,South,Grocery,31.35,5.59,6,6
2024-12-14,E,Central,Furniture,523.64,131.3,3,1
2024-03-18,D,West,Grocery,36.36,10.53,8,4
2024-08-14,C,Central,Electronics,343.87,87.41,4,4
2024-06-29,E,West,Furniture,367.4,42.23,2,1
2024-08-24,D,West,Electronics,273.66,81.56,2,1
2024-07-07,C,West,Electronics,321.52,70.37,3,3
2024-11-10,E,South,Grocery,50.92,5.76,16,16
2024-10-24,E,West,Grocery,49.9,11.81,7,7
2024-10-19,B,Central,Grocery,52.85,8.18,14,7
2024-09-13,B,West,Grocery,48.24,11.52,11,11
2024-02-22,C,West,Clothing,186.38,21.71,4,2
2024-01-21,B,South,Grocery,50.05,14.52,15,15
2024-09-25,E,East,Furniture,429.8,80.14,4,2
2024-07-09,C,South,Grocery,46.04,8.27,15,7
2024-06-22,E,West,Furniture,400.02,118.73,1,1
2024-02-03,C,West,Grocery,68.93,9.83,19,9
2024-05-25,C,East,Furniture,450.5,103.76,4,4
2024-02-11,E,East,Furniture,416.12,122.19,4,4
2024-06-07,D,East,Electronics,182.52,49.96,2,2
2024-06-07,E,South,Furniture,329.58,83.12,2,1
2024-03-06,E,West,Grocery,56.03,7.07,7,7
2024-09-17,C,West,Furniture,569.21,70.28,1,1
2024-06-07,B,East,Furniture,377.69,89.56,1,1
2024-09-05,B,East,Clothing,129.63,14.63,1,1
2024-03-20,A,Central,Electronics,331.19,50.94,2,2
2024-09-16,E,West,Furniture,391.47,40.06,1,1
2024-11-12,B,South,Clothing,148.44,26.5,2,1
2024-03-24,B,East,Grocery,62.36,15.68,15,15
2024-01-23,D,Central,Clothing,94.8,26.69,4,2
2024-08-15,E,Central,Grocery,49.37,5.95,13,13
2024-04-29,E,East,Furniture,412.15,42.73,2,1
2024-08-28,B,Central,Grocery,40.51,10.34,5,2
2024-08-24,C,South,Grocery,51.29,5.87,6,3
2024-03-23,B,East,Furniture,440.93,116.8,2,2
2024-01-27,D,Central,Electronics,201.33,33.1,2,1
2024-12-30,E,West,Furniture,684.64,160.26,2,2
2024-02-12,B,Central,Grocery,50.12,6.26,12,12
2024-09-19,B,South,Electronics,275.69,61.36,1,1
2024-04-23,D,Central,Electronics,217.06,62.31,1,1
2024-07-31,A,South,Furniture,394.49,87.75,4,2
2024-04-30,D,West,Furniture,324.08,75.24,3,3
2024-04-24,A,Central,Electronics,415.73,81.56,2,1
2024-12-31,C,East,Clothing,289.08,38.39,3,3
2024-01-20,C,South,Clothing,181.42,41.74,4,4
2024-12-27,D,South,Electronics,270.45,60.35,1,1
2024-02-10,A,Central,Clothing,164.96,45.26,1,1
2024-03-17,E,South,Electronics,204.52,22.24,1,1
2024-05-27,B,Central,Electronics,247.63,49.19,4,4
2024-01-25,B,South,Grocery,50.39,9.1,16,8
2024-02-02,A,South,Electronics,310.64,83.28,3,3
2024-11-19,E,East,Clothing,122.38,35.75,1,1
2024-05-29,D,West,Furniture,342.84,84.71,1,1
2024-05-03,E,South,Clothing,124.73,25.07,2,1
2024-12-06,A,Central,Electronics,561.85,59.49,1,1
2024-09-26,E,West,Grocery,67.64,14.97,6,3
2024-08-28,A,South,Furniture,488.89,145.9,3,1
2024-05-09,A,Central,Electronics,357.02,61.35,2,1
2024-06-25,B,West,Furniture,369.37,54.36,1,1
2024-03-09,A,Central,Furniture,351.81,63.7,2,1
2024-11-25,B,South,Grocery,52.47,10.63,18,9
2024-11-19,B,East,Electronics,338.27,38.5,1,1
2024-08-22,A,Central,Clothing,155.71,34.04,1,1
2024-01-23,B,West,Furniture,433.86,100.88,3,3
2024-06-07,E,South,Grocery,39.51,7.1,13,13
2024-05-09,A,East,Furniture,445.75,45.38,3,3
2024-07-01,A,Central,Furniture,480.86,70.88,4,4
2024-03-04,C,South,Grocery,59.71,16.52,19,19
2024-08-13,D,Central,Clothing,80.61,18.85,1,1
2024-09-11,D,Central,Furniture,74.55,14.16,1,1
2024-02-12,D,West,Grocery,40.76,7.01,13,6
2024-11-04,B,Central,Furniture,384.38,84.99,4,4
2024-02-22,A,Central,Furniture,478.97,115.47,1,1
2024-06-05,D,South,Clothing,66.73,18.21,4,2
2024-12-19,D,Central,Grocery,57.78,17.18,8,4
2024-01-22,C,South,Furniture,509.54,74.51,1,1
2024-11-23,A,West,Grocery,66.98,9.11,7,3
2024-07-05,E,East,Electronics,244.25,29.47,3,3
2024-03-14,E,South,Electronics,300.51,58.89,4,4
2024-03-05,A,East,Furniture,517.05,53.5,3,3
2024-07-04,D,West,Clothing,87.9,14.81,3,1
2024-12-13,D,Central,Furniture,419.09,52.45,2,1
2024-08-15,A,East,Furniture,483.07,66.5,4,2
2024-07-22,C,Central,Clothing,149.27,19.59,3,1
2024-02-28,A,East,Grocery,64.83,11.34,11,5
2024-09-22,D,West,Furniture,81.14,12.08,2,1
2024-05-13,D,East,Furniture,285.15,34.97,1,1
2024-12-21,D,East,Electronics,320.25,90.87,1,1
2024-03-10,A,South,Clothing,172.01,40.15,2,2
2024-12-31,D,West,Furniture,468.52,79.51,1,1
2024-12-07,C,West,Furniture,784.99,214.53,3,3
2024-06-02,B,East,Furniture,319.98,80.15,1,1
2024-09-17,B,West,Clothing,160.68,36.97,3,1
2024-03-12,B,South,Electronics,256.29,73.08,2,1
2024-07-03,E,Central,Grocery,44.27,7.24,17,17
2024-10-09,B,West,Electronics,325.42,56.99,1,1
2024-06-07,D,South,Grocery,31.13,7.04,9,9
2024-07-28,E,West,Clothing,122.24,26.0,2,2
2024-06-11,A,South,Grocery,52.85,11.05,5,5
2024-12-14,E,Central,Clothing,159.26,16.39,3,1
2024-10-09,E,East,Clothing,125.56,31.63,2,1
2024-08-09,E,West,Electronics,323.28,67.4,1,1
2024-09-22,B,Central,Clothing,119.26,21.33,4,4
2024-03-23,C,East,Furniture,467.86,116.67,3,1
2024-09-22,C,West,Furniture,515.08,95.89,1,1
2024-04-10,E,Central,Clothing,160.02,18.28,4,4
2024-11-16,C,West,Clothing,192.2,26.8,3,3
2024-10-30,E,East,Clothing,147.92,20.55,1,1
2024-12-03,E,Central,Electronics,421.98,98.75,1,1
2024-01-15,A,West,Furniture,469.39,96.91,1,1
2024-11-29,B,South,Electronics,247.62,44.57,2,1
2024-09-11,E,Central,Furniture,366.9,97.09,1,1
2024-09-04,B,South,Furniture,321.89,83.68,4,2
2024-08-20,A,West,Clothing,199.25,31.69,3,3
2024-08-13,D,South,Grocery,29.71,5.49,12,6
2024-04-14,C,East,Furniture,484.3,127.44,2,2
2024-06-12,C,South,Clothing,146.39,14.71,3,3
2024-07-08,E,West,Furniture,290.54,58.99,2,1
2024-05-03,D,West,Furniture,348.82,47.07,3,1
2024-08-18,B,East,Electronics,312.66,87.91,1,1
2024-01-26,C,South,Grocery,53.39,8.56,15,15
2024-05-07,B,Central,Furniture,437.37,118.19,4,4
2024-04-07,B,South,Grocery,49.63,6.45,7,3
2024-09-12,C,South,Electronics,328.19,42.86,3,1
2024-02-16,D,South,Clothing,99.25,20.55,1,1
2024-04-20,E,Central,Electronics,260.99,42.4,2,1
2024-01-26,C,South,Grocery,48.13,7.29,15,7
2024-05-26,E,West,Electronics,293.34,32.76,1,1
2024-08-08,B,Central,Furniture,363.48,85.48,3,3
2024-07-25,C,West,Grocery,52.99,10.02,14,7
2024-01-27,E,East,Furniture,419.62,70.26,4,2
2024-10-10,C,West,Grocery,59.96,6.95,11,11
2024-09-15,D,Central,Electronics,56.37,9.64,3,1
2024-03-06,A,South,Furniture,388.16,79.11,4,4
2024-06-22,E,Central,Clothing,124.69,28.7,2,1
2024-04-11,E,South,Electronics,216.59,35.71,2,1
2024-01-24,A,East,Furniture,538.93,125.23,3,1
2024-08-30,E,South,Clothing,112.74,27.75,1,1
2024-11-06,E,East,Furniture,353.21,102.97,4,2
2024-11-09,C,East,Grocery,57.18,13.61,17,17
2024-11-11,C,Central,Grocery,55.55,10.56,18,9
2024-12-28,E,Central,Grocery,58.12,9.31,16,16
2024-01-09,C,Central,Electronics,327.09,40.55,2,2
2024-08-01,E,Central,Electronics,281.14,29.24,3,1
2024-11-01,D,Central,Clothing,108.38,25.4,1,1
2024-01-27,E,South,Clothing,138.05,20.9,4,2
2024-09-25,E,South,Clothing,133.7,26.92,1,1
2024-12-14,B,West,Electronics,511.62,57.62,4,2
2024-04-07,A,South,Furniture,419.44,73.9,1,1
2024-08-02,B,South,Clothing,129.49,19.14,2,2
2024-07-29,E,South,Electronics,261.09,75.32,2,2
2024-12-27,B,East,Furniture,602.35,79.72,2,2
2024-12-05,D,South,Furniture,391.81,69.82,4,4
2024-03-29,D,Central,Furniture,303.3,54.42,4,4
2024-12-12,C,South,Clothing,283.92,58.63,2,1
2024-05-06,C,Central,Clothing,175.03,22.45,2,1
2024-06-01,C,East,Grocery,54.74,5.72,19,19
2024-06-11,D,Central,Furniture,226.89,32.84,3,1
2024-05-27,A,South,Grocery,54.47,11.71,14,14
2024-06-25,B,Central,Electronics,270.52,44.03,1,1
2024-05-27,A,Central,Grocery,51.17,6.91,10,5
2024-12-01,C,South,Clothing,239.9,43.12,3,3
2024-04-13,E,Central,Furniture,347.58,36.55,4,4
2024-03-11,A,East,Clothing,162.14,47.45,1,1
2024-01-26,E,East,Clothing,149.74,24.31,4,2
2024-01-27,A,South,Furniture,434.33,81.61,2,1
2024-08-29,A,East,Electronics,370.2,82.89,1,1
2024-10-08,B,South,Grocery,41.43,5.4,16,16
2024-09-01,B,Central,Furniture,353.83,39.47,3,1
2024-05-26,A,West,Clothing,196.76,58.39,4,4
2024-09-30,A,East,Grocery,56.62,9.1,13,6
2024-03-31,A,South,Grocery,51.78,12.35,7,7
2024-04-05,C,West,Electronics,380.1,99.89,3,1
2024-06-01,E,West,Furniture,348.79,56.24,3,1
2024-05-25,D,South,Clothing,99.22,12.52,3,1
2024-09-15,D,Central,Clothing,36.77,6.99,4,4
2024-02-27,C,East,Grocery,54.58,14.49,16,8
2024-11-27,C,East,Electronics,304.6,77.33,1,1
2024-06-21,C,East,Clothing,154.79,16.07,3,3
2024-11-08,D,South,Furniture,247.61,62.41,3,3
2024-02-14,D,West,Clothing,116.76,11.96,1,1
2024-03-12,D,Central,Clothing,88.59,26.15,2,2
2024-01-04,C,South,Clothing,139.82,26.69,4,4
2024-08-16,C,Central,Furniture,435.65,52.11,4,2
2024-10-25,E,West,Furniture,368.13,91.1,4,2
2024-11-30,C,East,Electronics,343.62,60.19,4,4
2024-12-07,A,South,Furniture,591.31,164.63,1,1
2024-03-22,D,Central,Electronics,154.09,39.66,1,1
2024-11-23,C,Central,Clothing,182.59,27.56,4,2
2024-04-22,B,South,Clothing,119.87,12.91,2,1
2024-08-20,E,Central,Grocery,44.73,10.37,15,15
2024-12-25,E,South,Clothing,210.1,47.76,3,1
2024-05-06,E,West,Grocery,48.9,6.36,12,12
2024-09-27,C,West,Electronics,385.89,78.12,4,2
2024-02-01,E,East,Clothing,139.24,33.87,1,1
2024-03-25,C,South,Electronics,313.3,35.79,1,1
2024-12-14,B,South,Electronics,372.5,63.3,2,1
2024-09-18,D,West,Grocery,13.05,3.03,19,19
2024-03-08,E,South,Grocery,40.82,9.47,9,9
2024-10-15,A,South,Furniture,413.16,63.22,4,2
2024-01-12,D,Central,Electronics,211.61,29.87,2,2
2024-04-21,E,West,Electronics,354.6,79.08,1,1
2024-08-04,C,West,Electronics,403.85,43.77,2,2
2024-02-05,D,West,Furniture,345.72,89.8,2,1
2024-07-28,B,East,Grocery,51.55,13.52,19,9
2024-07-10,D,South,Grocery,33.45,4.2,16,8
2024-07-11,A,East,Furniture,456.05,79.55,3,3
2024-03-01,B,South,Clothing,132.16,24.83,3,1
2024-04-24,A,West,Furniture,558.59,69.43,2,1
2024-08-25,E,South,Grocery,43.38,4.45,7,3
2024-04-27,B,South,Furniture,386.86,80.78,4,4
2024-03-20,C,East,Electronics,332.57,47.96,1,1
2024-01-17,D,West,Clothing,100.56,16.49,4,4
2024-04-15,A,West,Electronics,405.27,62.36,2,2
2024-08-16,E,West,Clothing,183.87,43.59,2,2
2024-01-23,D,South,Clothing,97.34,28.52,4,4
2024-10-03,B,West,Clothing,145.26,26.54,4,4
2024-09-14,C,East,Furniture,458.17,113.94,1,1
2024-10-22,E,Central,Clothing,123.75,14.7,3,3
2024-06-03,B,East,Grocery,46.1,12.7,16,16
2024-06-02,C,West,Clothing,150.4,39.46,2,1
2024-11-16,D,South,Electronics,184.6,51.0,4,4
2024-06-25,D,Central,Grocery,27.36,3.85,14,7
2024-07-28,B,Central,Grocery,40.1,9.89,14,14
2024-04-04,E,South,Clothing,112.91,28.99,1,1
2024-04-25,C,East,Grocery,60.06,6.07,8,4
2024-01-30,E,South,Grocery,39.39,6.84,6,6
2024-10-12,E,East,Grocery,50.58,6.56,15,7
2024-05-04,C,East,Furniture,493.23,85.66,1,1
2024-11-27,A,South,Furniture,415.89,101.65,1,1
2024-02-17,E,East,Electronics,291.4,53.19,1,1
2024-05-17,D,West,Electronics,252.54,25.42,4,4
2024-04-06,E,East,Grocery,40.25,4.77,13,13
2024-04-16,C,Central,Electronics,369.13,72.42,3,3
2024-04-18,B,West,Grocery,51.9,12.49,14,14
2024-05-04,E,East,Grocery,48.38,9.55,12,6
2024-05-02,E,Central,Furniture,418.98,68.89,4,2
2024-07-13,D,Central,Furniture,276.81,35.93,3,1
2024-05-13,C,South,Grocery,57.27,8.13,14,7
2024-02-20,D,Central,Clothing,108.21,22.08,4,2
2024-07-08,C,South,Electronics,254.17,37.41,1,1
2024-10-15,B,East,Electronics,290.91,32.73,3,1
2024-05-13,E,South,Furniture,363.12,58.06,1,1
2024-03-19,B,Central,Clothing,152.45,34.68,1,1
2024-07-13,E,East,Grocery,37.07,11.06,19,9
2024-10-08,C,Central,Grocery,54.54,13.53,16,16
2024-11-24,D,South,Clothing,97.87,23.49,3,3
2024-06-29,B,East,Grocery,45.22,9.83,18,9
2024-04-04,E,West,Electronics,326.94,36.36,3,3
2024-02-08,A,West,Grocery,67.3,9.77,7,3
2024-03-11,B,West,Clothing,153.59,28.73,4,4
2024-01-05,B,South,Furniture,279.95,67.52,4,4
2024-01-31,E,South,Grocery,40.67,11.46,11,5
2024-01-09,A,South,Electronics,328.6,33.32,4,4
2024-01-09,E,Central,Furniture,351.1,68.26,4,2
2024-01-09,E,South,Clothing,115.43,18.07,1,1
2024-02-24,A,East,Clothing,162.83,48.03,2,1
2024-04-08,E,Central,Furniture,326.57,60.67,4,2
2024-05-16,D,West,Furniture,293.21,79.35,1,1
2024-07-26,D,East,Clothing,101.25,22.67,3,1
2024-06-02,A,West,Electronics,286.98,73.0,2,2
2024-07-26,D,South,Grocery,30.57,4.5,10,10
2024-01-29,A,East,Electronics,372.65,103.01,4,4
2024-09-12,D,Central,Electronics,69.96,18.58,1,1
2024-09-27,A,East,Clothing,189.76,56.15,1,1
2024-12-20,E,South,Furniture,577.35,141.47,1,1
2024-01-24,A,Central,Electronics,322.94,93.46,3,3
2024-04-01,C,West,Clothing,169.56,23.16,4,4
2024-10-27,B,South,Electronics,247.78,51.79,2,2
2024-06-02,B,East,Grocery,44.26,6.44,12,12
2024-12-12,E,Central,Grocery,74.54,15.64,11,5
2024-03-12,A,Central,Electronics,263.88,38.32,2,1
2024-02-20,D,East,Electronics,205.03,47.74,1,1
2024-06-23,E,South,Furniture,343.21,41.02,1,1
2024-01-16,C,South,Grocery,51.11,8.08,11,5
2024-04-26,C,South,Grocery,57.54,7.04,19,9
2024-04-05,E,South,Electronics,258.36,51.53,3,3
2024-11-12,C,East,Electronics,344.25,94.47,4,4
2024-02-12,C,East,Grocery,66.6,6.9,8,4
2024-12-30,B,South,Furniture,554.83,128.68,4,4
2024-07-03,A,West,Electronics,338.67,71.81,1,1
2024-06-06,D,Central,Furniture,222.92,47.17,4,2
2024-02-22,B,West,Clothing,150.35,23.53,3,1
2024-08-08,D,South,Electronics,191.17,49.64,2,1
2024-01-14,A,Central,Electronics,314.52,37.33,3,1
2024-11-01,E,Central,Grocery,35.51,4.94,9,9
2024-01-07,C,South,Grocery,58.33,9.48,9,9
2024-02-13,E,East,Clothing,132.42,18.43,1,1
2024-12-16,D,East,Clothing,158.27,33.48,4,2
2024-05-17,C,Central,Grocery,59.85,13.33,6,6
2024-03-15,A,East,Grocery,64.73,13.04,15,7
2024-05-21,D,Central,Grocery,32.35,3.45,16,16
2024-02-09,C,Central,Clothing,186.1,30.27,4,4
2024-11-16,D,East,Grocery,32.22,9.46,18,9
2024-02-24,B,Central,Electronics,260.51,51.34,1,1
2024-07-21,C,South,Furniture,415.17,101.73,1,1
2024-08-13,C,South,Clothing,161.3,17.08,3,3
2024-06-02,C,East,Grocery,47.75,6.78,8,4
2024-06-09,B,South,Furniture,333.51,53.13,4,4
2024-05-29,D,East,Furniture,277.9,33.95,2,1
2024-07-11,C,South,Furniture,382.91,57.77,1,1
2024-02-28,E,East,Clothing,152.93,42.2,2,2
2024-12-15,E,West,Grocery,65.65,7.71,16,8
2024-12-28,B,South,Furniture,548.72,100.98,1,1
2024-12-20,A,South,Grocery,83.02,18.49,6,3
2024-03-12,C,East,Furniture,479.39,103.28,3,1
2024-12-03,B,South,Grocery,72.87,10.99,18,18
2024-02-07,D,South,Grocery,33.45,8.29,5,2
2024-09-30,E,South,Electronics,248.35,58.69,4,2
2024-07-03,E,West,Electronics,263.09,60.79,2,2
2024-05-07,C,East,Electronics,337.26,48.26,2,2
2024-10-15,D,Central,Grocery,31.27,3.56,19,19
2024-02-24,A,West,Furniture,501.43,140.76,4,2
2024-04-23,E,East,Grocery,54.36,14.21,5,5
2024-07-10,D,South,Clothing,92.36,12.36,3,3
2024-06-25,A,South,Electronics,301.69,53.07,2,1
2024-05-31,D,West,Electronics,217.78,39.76,2,2
2024-03-13,C,Central,Furniture,379.27,74.27,3,1
2024-08-21,B,South,Furniture,358.22,105.05,2,1
2024-08-31,A,South,Grocery,52.36,12.65,10,5
2024-06-12,A,Central,Electronics,333.76,74.85,1,1
2024-12-29,A,West,Furniture,831.22,187.56,1,1
2024-11-27,A,East,Clothing,219.59,31.55,4,2
2024-09-21,B,East,Furniture,421.28,47.89,1,1
2024-10-13,D,South,Clothing,78.43,9.01,2,2
2024-07-26,B,East,Grocery,47.38,11.66,13,13
2024-07-21,A,East,Grocery,50.46,13.9,16,8
2024-10-30,D,South,Electronics,191.81,32.24,1,1
2024-12-26,B,East,Furniture,674.32,125.31,4,2
2024-12-26,A,West,Clothing,300.41,77.45,3,1
2024-07-06,C,East,Grocery,61.38,13.49,8,8
2024-02-28,C,South,Furniture,449.58,53.4,1,1
2024-11-01,D,South,Electronics,194.01,53.51,1,1
2024-06-27,C,South,Clothing,148.69,30.26,1,1
2024-12-10,C,West,Clothing,233.11,59.39,4,2
2024-06-09,A,East,Furniture,402.28,112.04,1,1
2024-02-29,B,Central,Clothing,172.5,37.66,3,1
2024-09-18,D,South,Clothing,25.19,3.72,1,1
2024-10-21,D,South,Clothing,85.38,16.86,2,1
2024-09-06,E,East,Clothing,142.93,41.46,2,1
2024-09-07,C,East,Clothing,198.01,44.91,1,1
2024-06-10,D,West,Furniture,294.14,44.38,2,1
2024-01-05,D,East,Clothing,100.38,12.85,2,2
2024-07-15,E,South,Grocery,29.98,8.82,16,8
2024-12-16,D,South,Grocery,46.21,10.27,12,6
2024-09-07,B,West,Electronics,261.76,37.01,1,1
2024-04-22,C,West,Furniture,495.63,71.28,2,2
2024-04-25,E,Central,Clothing,135.47,16.47,3,1
2024-08-22,E,South,Electronics,284.32,57.58,1,1
2024-10-20,A,Central,Furniture,429.66,123.03,3,1
2024-10-04,A,South,Clothing,149.38,18.34,1,1
2024-08-05,A,East,Furniture,470.67,94.83,3,3
2024-01-17,D,Central,Furniture,265.51,79.27,3,1
2024-02-14,D,West,Clothing,127.93,19.82,1,1
2024-04-17,E,Central,Grocery,38.91,10.95,16,8
2024-03-25,E,East,Clothing,116.02,25.71,1,1
2024-04-15,A,Central,Furniture,498.01,131.59,3,1
2024-11-01,E,East,Furniture,359.39,81.68,4,4
2024-12-26,C,Central,Furniture,665.0,81.73,2,1
2024-09-20,A,East,Grocery,56.31,10.77,18,18
2024-01-31,C,East,Clothing,157.18,39.33,4,2
2024-05-07,B,Central,Clothing,138.13,16.03,1,1
2024-12-12,D,South,Clothing,149.01,35.13,3,3
2024-10-22,C,South,Grocery,50.88,11.13,6,6
2024-08-19,A,West,Grocery,67.36,16.49,16,16
2024-09-20,C,Central,Grocery,58.77,16.48,15,15
2024-09-06,C,West,Electronics,381.71,39.07,4,2
2024-08-22,C,West,Grocery,58.54,9.31,18,9
2024-04-21,D,East,Grocery,44.37,5.53,14,14
2024-05-17,C,Central,Furniture,415.78,70.11,1,1
2024-10-07,E,East,Grocery,51.56,12.3,16,16
2024-06-24,A,West,Electronics,402.28,94.37,2,1
2024-11-16,D,West,Electronics,209.2,39.6,2,1
2024-03-21,D,South,Electronics,168.31,44.52,2,1
2024-08-07,B,East,Furniture,327.23,57.01,4,2
2024-03-22,C,West,Furniture,470.92,113.55,1,1
2024-05-08,A,Central,Clothing,154.13,28.68,4,2
2024-01-27,D,Central,Clothing,114.53,31.84,4,4
2024-08-07,A,West,Electronics,357.81,82.0,1,1
2024-04-19,D,West,Clothing,110.53,18.58,4,4
2024-10-30,B,South,Electronics,265.93,62.61,1,1
2024-01-05,C,West,Grocery,58.74,10.16,9,4
2024-12-21,B,South,Electronics,481.6,94.93,1,1
2024-04-27,D,West,Electronics,220.33,44.31,4,2
2024-02-22,C,Central,Furniture,432.54,45.93,3,1
2024-03-11,D,East,Clothing,109.3,14.43,4,4
2024-02-05,E,West,Clothing,128.48,15.83,1,1
2024-08-13,C,East,Clothing,166.38,27.08,2,1
2024-07-29,E,South,Clothing,118.19,35.08,4,4
2024-02-14,A,East,Electronics,392.54,114.71,1,1
2024-10-28,D,Central,Grocery,28.13,8.33,10,5
2024-06-10,B,East,Furniture,306.49,63.28,1,1
2024-11-26,A,East,Furniture,455.22,77.95,3,3
2024-12-19,A,Central,Clothing,239.15,57.83,2,1
2024-09-22,E,East,Grocery,47.64,7.0,19,9
2024-05-31,A,East,Grocery,52.07,10.88,15,15
2024-07-16,A,East,Grocery,55.58,7.23,17,17
2024-11-22,E,West,Electronics,276.41,39.1,2,2
2024-07-03,C,East,Grocery,55.43,9.15,6,3
2024-10-18,D,Central,Clothing,108.28,20.82,4,2
2024-08-29,A,West,Electronics,368.52,89.25,1,1
2024-01-08,C,East,Electronics,360.7,45.62,2,2
2024-01-31,D,Central,Grocery,38.78,7.43,10,10
2024-08-04,D,West,Clothing,133.54,33.27,2,2
2024-05-22,A,Central,Electronics,318.79,61.64,4,2
2024-09-18,B,East,Furniture,403.03,118.46,2,1
2024-07-19,E,West,Furniture,376.91,94.57,4,2
2024-12-23,D,East,Electronics,335.59,53.86,2,2
2024-05-05,A,South,Electronics,429.45,80.84,2,1
2024-08-20,E,West,Furniture,365.98,103.85,3,3
2024-12-07,B,West,Electronics,562.45,107.54,1,1
2024-12-28,B,West,Clothing,226.92,50.02,4,4
2024-09-11,C,Central,Clothing,184.86,55.32,3,1
2024-07-09,B,Central,Electronics,266.29,26.8,4,2
2024-01-16,C,South,Furniture,356.68,57.92,4,4
2024-09-25,A,Central,Electronics,374.94,39.8,3,3
2024-09-11,D,Central,Electronics,65.15,6.91,2,2
2024-09-12,E,East,Furniture,409.99,84.23,3,1
2024-03-21,C,West,Electronics,433.61,72.28,4,2
2024-04-26,E,West,Electronics,354.51,72.93,3,1
2024-01-07,B,West,Grocery,54.32,6.18,9,9
2024-07-05,D,East,Clothing,91.13,26.19,1,1
2024-01-19,E,South,Clothing,134.24,32.22,1,1
2024-06-13,B,South,Furniture,339.75,61.09,3,1
2024-05-18,A,Central,Electronics,309.17,32.43,4,2
2024-09-14,A,East,Clothing,197.55,41.45,3,3
2024-09-21,A,South,Electronics,359.53,36.39,4,2
2024-08-26,C,Central,Furniture,519.18,142.14,3,3
2024-02-14,E,South,Electronics,238.14,35.35,2,1
2024-07-07,B,Central,Furniture,353.5,45.61,2,1
2024-11-14,B,South,Furniture,395.33,107.8,3,1
2024-10-29,D,East,Clothing,117.97,18.7,3,1
2024-03-18,A,South,Electronics,308.8,66.9,2,2
2024-04-29,E,Central,Electronics,251.86,52.84,3,3
2024-06-20,A,South,Furniture,373.0,51.31,1,1
2024-02-23,B,East,Grocery,43.09,11.78,11,11
2024-09-08,A,East,Furniture,542.44,123.36,2,1
2024-02-17,A,East,Grocery,58.88,11.34,6,3
2024-12-24,C,South,Electronics,430.03,91.45,3,1
2024-10-24,A,East,Grocery,53.8,15.24,8,8
2024-02-08,E,West,Grocery,48.62,13.44,19,9
2024-12-05,B,East,Furniture,693.43,169.43,4,2
2024-05-13,C,South,Furniture,386.8,53.3,1,1
2024-06-11,D,Central,Clothing,75.96,18.46,1,1
2024-02-08,B,East,Electronics,326.55,63.15,4,2
2024-03-20,A,East,Grocery,61.25,17.65,10,10
2024-08-26,C,South,Electronics,305.24,83.42,1,1
2024-10-01,C,East,Grocery,58.36,16.42,8,4
2024-06-06,D,Central,Electronics,177.53,51.0,2,1
2024-02-16,B,Central,Electronics,303.28,37.36,3,3
2024-04-20,C,East,Electronics,347.7,93.48,4,4
2024-12-30,B,Central,Grocery,67.3,8.6,11,5
2024-09-19,A,Central,Furniture,481.08,74.9,1,1
2024-03-30,A,South,Grocery,52.06,12.24,15,15
2024-10-11,E,East,Electronics,348.87,42.2,1,1
2024-08-24,A,East,Electronics,345.23,61.11,2,1
2024-01-07,A,East,Clothing,178.69,40.54,4,2
2024-04-11,D,Central,Electronics,221.68,22.3,3,1
2024-10-25,E,Central,Electronics,263.0,48.17,1,1
2024-01-12,A,East,Grocery,61.96,10.8,6,3
2024-03-06,A,Central,Electronics,355.42,92.14,2,2
2024-01-22,D,West,Clothing,122.77,13.16,3,3
2024-10-20,D,South,Grocery,33.62,8.32,8,4
2024-01-16,D,South,Clothing,92.95,10.26,2,1
2024-06-30,B,East,Furniture,347.64,40.7,1,1
2024-05-23,D,East,Electronics,251.26,58.64,3,3
2024-11-10,E,East,Furniture,399.55,47.94,1,1
2024-09-12,D,South,Electronics,60.04,8.91,2,1
2024-02-14,C,South,Clothing,157.99,39.06,3,3
2024-08-02,B,East,Electronics,302.47,85.06,2,2
2024-07-14,C,South,Grocery,50.83,5.51,13,6
2024-06-25,E,Central,Grocery,36.76,9.28,14,7
2024-05-18,B,West,Furniture,365.37,46.15,1,1
2024-11-01,B,West,Furniture,425.54,91.52,4,4
2024-01-30,D,Central,Clothing,97.84,13.34,1,1
2024-03-22,A,East,Clothing,167.55,27.88,3,1
2024-05-16,E,West,Clothing,176.25,40.25,3,1
2024-10-21,D,Central,Clothing,91.54,19.55,4,2
2024-03-31,B,Central,Furniture,402.46,94.62,4,4
2024-10-29,A,Central,Clothing,205.05,54.53,4,4
2024-10-15,B,South,Furniture,304.11,39.68,1,1
2024-03-30,D,West,Electronics,249.23,60.32,4,4
2024-01-29,B,East,Electronics,304.5,34.09,1,1
2024-09-26,D,West,Furniture,98.27,21.27,4,2
2024-11-10,B,East,Furniture,485.06,102.96,3,3
2024-03-31,C,West,Electronics,395.93,55.82,2,2
2024-03-16,E,East,Electronics,306.9,82.69,1,1
2024-09-26,C,West,Furniture,579.26,89.93,3,3
2024-12-26,D,West,Furniture,462.99,61.47,4,4
2024-06-03,C,East,Clothing,161.11,42.21,3,3
2024-08-11,D,Central,Clothing,98.24,20.41,2,1
2024-12-28,E,Central,Clothing,211.52,50.34,3,3
2024-12-06,E,East,Grocery,74.45,10.87,8,4
2024-06-06,C,East,Clothing,158.33,28.99,4,2
2024-01-01,E,South,Electronics,283.06,82.04,4,4
2024-04-03,E,Central,Clothing,124.74,27.96,2,2
2024-11-23,E,West,Grocery,45.42,9.64,19,9
2024-03-13,C,West,Clothing,193.39,37.96,2,2
2024-06-26,C,East,Electronics,319.87,95.64,1,1
2024-12-28,C,South,Electronics,497.79,88.79,2,2
2024-05-15,B,East,Electronics,277.15,55.33,4,4
2024-06-28,C,West,Electronics,352.13,102.33,4,2
2024-01-25,D,South,Grocery,26.74,7.59,9,9
2024-03-26,D,South,Grocery,31.88,4.55,11,11
2024-06-28,E,South,Electronics,243.2,58.29,1,1
2024-09-02,E,East,Clothing,153.32,44.55,3,3
2024-08-19,A,West,Furniture,523.13,133.2,2,1
2024-01-11,C,Central,Electronics,340.92,49.91,4,4
2024-02-07,C,East,Grocery,66.04,16.69,8,4
2024-03-23,A,West,Furniture,516.35,113.91,1,1
2024-10-31,E,South,Electronics,268.39,56.47,4,2
2024-08-08,B,South,Clothing,142.38,15.55,3,3
2024-01-28,A,Central,Clothing,162.62,42.55,3,1
2024-04-07,D,Central,Furniture,278.46,41.54,2,2
2024-06-01,B,West,Electronics,323.25,90.6,1,1
2024-07-20,E,South,Clothing,112.91,33.65,2,1
2024-01-28,C,West,Grocery,63.2,12.41,13,13
2024-02-14,C,South,Clothing,164.8,19.47,3,1
2024-02-19,A,East,Clothing,149.32,44.57,1,1
2024-11-22,C,West,Grocery,60.58,13.01,17,8
2024-02-29,C,South,Grocery,57.58,15.86,5,2
2024-09-07,C,West,Grocery,61.52,6.49,8,4
2024-04-04,C,South,Furniture,434.17,126.46,1,1
2024-04-05,D,West,Furniture,328.25,77.44,2,1
2024-08-13,D,Central,Clothing,96.11,20.44,4,4
2024-05-17,E,West,Clothing,133.84,22.12,1,1
2024-12-22,A,West,Furniture,777.6,218.31,3,3
2024-10-04,D,East,Electronics,213.64,38.5,2,1
2024-07-17,E,South,Grocery,41.02,8.57,8,8
2024-10-20,B,South,Furniture,379.4,57.31,1,1
2024-02-10,D,West,Clothing,124.12,28.2,2,1
2024-03-02,D,East,Clothing,87.94,13.99,3,1
2024-04-18,B,East,Electronics,296.73,78.74,3,1
2024-08-04,A,South,Clothing,178.75,43.86,3,3
2024-11-17,B,Central,Furniture,355.19,72.15,4,4
2024-02-04,A,South,Grocery,60.55,6.61,5,5
2024-10-09,C,Central,Grocery,56.64,11.86,19,9
2024-01-07,E,South,Electronics,251.9,54.93,1,1
2024-07-31,B,East,Electronics,265.31,37.17,1,1
2024-02-24,E,West,Furniture,394.91,40.29,3,1
2024-10-01,C,South,Furniture,455.19,62.92,2,2
2024-07-15,D,South,Electronics,167.34,41.22,4,2
2024-03-29,C,South,Clothing,138.42,30.72,1,1
2024-11-12,E,South,Electronics,303.01,79.88,2,1
2024-07-21,C,East,Electronics,283.99,47.54,1,1
2024-08-31,C,Central,Electronics,297.48,53.89,3,1
2024-06-21,C,Central,Furniture,421.04,54.7,2,2
2024-09-08,A,East,Clothing,166.48,30.45,4,4
2024-06-02,D,Central,Furniture,242.59,54.75,1,1
2024-08-01,E,West,Clothing,129.33,22.29,2,2
2024-08-14,B,South,Grocery,45.65,9.68,15,15
2024-09-21,C,West,Clothing,199.08,48.12,1,1
2024-02-03,C,South,Clothing,136.53,16.34,3,1
2024-09-25,E,West,Clothing,153.91,19.15,2,2
2024-04-08,B,West,Clothing,161.62,20.76,1,1
2024-01-17,D,West,Furniture,305.91,71.29,2,1
2024-12-26,B,Central,Furniture,612.03,128.44,1,1
2024-08-25,E,South,Electronics,285.77,56.15,1,1
2024-12-14,A,East,Furniture,544.68,56.22,4,2
2024-09-07,E,South,Clothing,130.1,16.25,3,1
2024-08-30,E,Central,Furniture,378.55,45.24,2,2
2024-03-24,C,West,Furniture,569.14,113.95,4,4
2024-01-15,D,West,Clothing,119.04,22.13,4,4
2024-10-19,B,East,Clothing,177.64,34.9,1,1
2024-12-12,B,Central,Grocery,74.25,17.48,13,6
2024-09-19,A,West,Grocery,64.0,10.45,16,16
2024-03-08,B,West,Clothing,165.11,26.84,4,4
2024-05-09,E,Central,Furniture,409.84,110.71,3,3
2024-08-04,D,Central,Grocery,33.34,4.42,8,4
2024-05-09,B,South,Furniture,363.67,37.81,1,1
2024-12-12,E,South,Electronics,337.55,96.88,4,4
2024-01-04,E,Central,Furniture,345.31,95.17,1,1
2024-06-01,A,South,Electronics,249.86,29.18,1,1
2024-06-21,C,Central,Furniture,416.79,98.16,1,1
2024-05-13,C,East,Clothing,175.34,43.26,4,2
2024-09-21,B,West,Grocery,54.78,14.03,11,5
2024-12-04,C,East,Electronics,542.0,89.46,4,4
2024-12-01,D,Central,Furniture,452.29,127.97,3,1
2024-08-02,D,South,Electronics,188.48,22.74,2,2
2024-10-25,E,East,Furniture,369.84,109.4,2,2
2024-12-31,B,South,Furniture,467.76,65.9,4,4
2024-09-16,C,East,Clothing,176.63,20.28,1,1
2024-05-30,A,South,Clothing,168.33,38.07,3,1
2024-05-12,E,East,Furniture,473.25,112.61,4,2
2024-12-01,A,East,Furniture,740.57,211.14,3,3
2024-04-24,C,South,Furniture,369.84,68.82,4,4
2024-07-09,C,Central,Grocery,47.19,9.94,7,7
2024-03-01,D,West,Electronics,274.21,66.02,1,1
2024-08-29,B,West,Grocery,60.54,14.19,13,13
2024-09-28,C,South,Electronics,248.21,50.92,2,2
2024-03-18,B,East,Furniture,486.21,139.94,3,1
2024-07-28,E,South,Clothing,104.14,26.5,1,1
2024-06-10,B,West,Grocery,42.35,9.55,17,8
2024-06-19,B,Central,Electronics,293.19,84.22,1,1
2024-01-03,D,Central,Clothing,106.75,26.17,2,1
2024-03-27,E,East,Grocery,47.82,11.85,18,9
2024-02-15,B,South,Grocery,47.91,11.91,14,7
2024-07-25,D,South,Grocery,25.18,7.0,6,6
2024-01-03,A,East,Furniture,492.52,92.44,3,3
2024-01-08,C,East,Electronics,355.25,51.81,3,1
2024-12-12,A,East,Clothing,323.06,45.49,2,1
2024-12-21,C,Central,Clothing,259.08,68.31,3,3
2024-02-22,D,Central,Clothing,99.01,11.43,2,2
2024-02-03,A,Central,Furniture,444.96,76.08,2,1
2024-08-21,E,Central,Grocery,38.78,8.49,5,5
2024-12-17,B,Central,Grocery,68.6,11.43,18,9
2024-07-02,B,East,Grocery,43.78,6.86,8,8
2024-01-10,B,East,Clothing,163.39,29.33,4,2
2024-04-18,A,East,Electronics,299.63,47.43,3,1
2024-07-06,A,South,Furniture,392.4,72.79,2,1
2024-09-30,E,West,Electronics,332.24,90.71,3,3
2024-12-04,A,West,Electronics,559.2,152.08,1,1
2024-12-19,A,South,Grocery,89.09,23.76,15,7
2024-07-13,A,Central,Grocery,50.08,10.37,12,6
2024-12-25,B,East,Electronics,467.23,93.45,2,1
2024-06-03,D,West,Furniture,263.91,58.0,4,4
2024-11-14,E,East,Grocery,49.38,9.58,11,11
2024-02-23,E,West,Furniture,363.08,51.56,4,2
2024-02-28,A,South,Clothing,177.86,32.33,2,1
2024-11-07,B,Central,Clothing,128.16,15.68,2,1
2024-07-02,D,Central,Clothing,103.13,25.72,4,4
2024-01-21,E,South,Clothing,129.34,34.31,3,3
2024-12-18,D,Central,Clothing,169.97,48.43,1,1
2024-01-02,A,West,Electronics,386.53,81.43,3,1
2024-10-20,D,East,Electronics,228.01,62.59,2,1
2024-09-18,A,West,Furniture,482.24,69.06,1,1
2024-11-25,B,South,Furniture,380.21,66.42,2,1
2024-05-15,D,West,Electronics,245.01,35.86,2,2
2024-03-30,A,Central,Furniture,485.09,128.92,2,2
2024-12-12,C,South,Electronics,452.4,92.43,3,1
2024-02-18,A,West,Clothing,203.63,39.17,4,4
2024-12-05,B,Central,Furniture,582.42,59.79,2,2
2024-08-12,E,Central,Electronics,260.81,63.74,3,3
2024-07-09,C,East,Electronics,253.49,50.16,4,4
2024-07-24,D,South,Furniture,262.97,54.27,1,1
2024-07-16,D,South,Clothing,81.08,12.92,4,2
2024-02-27,B,West,Clothing,130.99,32.29,2,2
2024-02-23,D,South,Grocery,33.24,4.13,7,3
2024-04-02,E,South,Furniture,380.27,54.14,2,2
2024-11-09,A,East,Grocery,71.0,9.47,15,7
2024-09-06,A,South,Grocery,49.6,12.39,10,10
2024-01-24,A,Central,Furniture,415.0,123.36,4,2
2024-01-07,E,East,Furniture,436.93,103.03,1,1
2024-09-22,E,West,Grocery,49.62,12.44,12,12
2024-12-04,B,South,Furniture,506.63,108.97,1,1
2024-12-05,D,East,Electronics,281.55,81.38,1,1
2024-01-06,B,South,Grocery,44.81,8.42,17,17
2024-03-25,A,South,Furniture,515.44,104.35,4,2
